,S1,S2,S3,S4,S5,Delta
A,0.5475767982017983,0.7876179392948804,0.8904466827941098,0.89348258574777,0.9309680499591165,0.38339125175731825
B,0.6570485059745895,0.8312110790825963,0.8652971765873908,0.9291377117035012,0.9768999705145217,0.3198514645399322
C,0.3479148477338237,0.5197171984735923,0.6885645295140178,0.7516587757684726,0.7902967171717171,0.4423818694378934
D,0.36946497130320655,0.6073756382823888,0.7095023027153445,0.7134842252998719,0.82062455085763,0.45115957955442343
E,0.4602641561825065,0.7480626656543321,0.7760787529908808,0.85355366358112,0.9146807836236533,0.45441662744114686
F,0.3692726407364566,0.5640220930750526,0.7524915461931716,0.7787097324974647,0.8243448294649668,0.4550721887285102
G,0.39570550321711306,0.5346657619755446,0.6882742375406262,0.7231762634323544,0.7515918496932091,0.35588634647609607
H,0.43481296782927215,0.625960755809154,0.7705820031361827,0.8502434688597027,0.8483667343242152,0.413553766494943
I,0.6409057279387881,0.7084794603649865,0.8737250952755358,0.9093128415503813,0.9092683045152203,0.26836257657643225
J,0.5171819652908664,0.6755629974484159,0.7519807190353992,0.7732919241304456,0.8595421541822471,0.34236018889138076
K,0.4330247556114934,0.5566369236091566,0.7056700524586091,0.7389070456117671,0.7842319206664173,0.35120716505492394
L,0.464158305252539,0.60717305474528,0.7258593369564732,0.8029902377370914,0.8963077560912416,0.4321494508387026
M,0.6893811758846589,0.8723717437533229,0.9331420546687574,0.9496577618288146,0.9803125795772855,0.2909314036926266
N,0.6053981118519162,0.7929666872729952,0.8658734905445432,0.9037435528437849,0.9344269455754011,0.3290288337234849
O,0.5631244078419001,0.7648688663012687,0.8490669067089763,0.8735294005684309,0.9168885559586637,0.3537641481167636
P,0.4538211405827153,0.5864296615237273,0.7123541476247088,0.7316032714403854,0.77942437242709,0.3256032318443747
Q,0.54671912624699,0.7387725582483877,0.8575147871713695,0.8604540572516579,0.8962173565598488,0.34949823031285876
R,0.589494281737728,0.8014176229052055,0.8670220236581795,0.8743136238858539,0.91817984814978,0.32868556641205204
S,0.44307983493517294,0.6284129717433746,0.6794229728604728,0.7631411851255538,0.8593951829483616,0.41631534801318865
T,0.5537663364700989,0.7028605288831682,0.7937179311430556,0.873169906686737,0.852268165293051,0.2985018288229522
U,0.4055102415846811,0.714220891196714,0.8357104666619348,0.8732520467147995,0.9452760561313194,0.5397658145466383
V,0.338622153152886,0.5945460986095661,0.8199598387826111,0.8382675986294408,0.842199248120301,0.503577094967415
W,0.5833053502654896,0.8366707727642393,0.9207739993924204,0.8962148262830641,0.9551666344715544,0.3718612842060648
X,0.5007116410384009,0.625544494186808,0.7561340436991181,0.7882083659169236,0.8063584624439888,0.30564682140558785
Y,0.6621015857422592,0.8370915137194828,0.8782568688490583,0.926952573392791,0.9191286640514329,0.2570270783091737
Z,0.4220394664080305,0.646371907783479,0.7255060668605562,0.745804094599146,0.8423499047354883,0.42031043832745785
Spc,0.5550690570519078,0.836608606806648,0.8989679393197609,0.9474487191612968,0.9572584224030577,0.4021893653511499
Bspc,0.2848898185710095,0.5506232723797078,0.7685250615397674,0.7922352448537838,0.8046829638245173,0.5197931452535078
Ent,0.5247038085641678,0.6796864460573826,0.8144816848335156,0.8680336833583402,0.8697715344025414,0.34506772583837364
Act,0.838935634696884,0.8510919853452394,0.9320411551637482,0.9569188478045987,0.9584041802791804,0.11946854558229636
Nois,0.8458024061456785,0.9640790825562968,0.9856528340080971,0.9808158793235816,0.9807800534659105,0.13497764732023199
